Static_Revenue,Dynamic_Revenue_XGB,Dynamic_Revenue_LGB,XGB_Lift_%,LGB_Lift_%
372502.6233496332,373650.75,373792.1806585116,0.3082197489087779,0.3461874435359391
